COUNTY,DATE_CODE,DATE_DESC,DENSITY,POP,GEONAME,STATE
1,11,7/1/2018 population estimate,541.34269522,213413,"Barnstable County, Massachusetts",25
3,11,7/1/2018 population estimate,136.316072,126348,"Berkshire County, Massachusetts",25
5,11,7/1/2018 population estimate,1019.7365179999999,564022,"Bristol County, Massachusetts",25
7,11,7/1/2018 population estimate,168.13085908,17352,"Dukes County, Massachusetts",25
9,11,7/1/2018 population estimate,1605.4399507,790638,"Essex County, Massachusetts",25
11,11,7/1/2018 population estimate,101.48837715,70963,"Franklin County, Massachusetts",25
13,11,7/1/2018 population estimate,762.42077911,470406,"Hampden County, Massachusetts",25
15,11,7/1/2018 population estimate,306.04129703,161355,"Hampshire County, Massachusetts",25
17,11,7/1/2018 population estimate,1974.3630351,1614714,"Middlesex County, Massachusetts",25
19,11,7/1/2018 population estimate,245.51762798,11327,"Nantucket County, Massachusetts",25
21,11,7/1/2018 population estimate,1780.8461487999998,705388,"Norfolk County, Massachusetts",25
23,11,7/1/2018 population estimate,786.31159489,518132,"Plymouth County, Massachusetts",25
25,11,7/1/2018 population estimate,13859.478078,807252,"Suffolk County, Massachusetts",25
27,11,7/1/2018 population estimate,549.98793554,830839,"Worcester County, Massachusetts",25
