,5 digit NTD ID,Agency,Service Area Population,TOS,Active,Passenger Miles FY,Unlinked Passenger Trips FY,Fares FY,Operating Expenses FY,Average Cost per Trip FY,Average Fares per Trip FY
156,10004,Brockton Area Transit Authority,254648.0,PT,Active,17731983.0,2636726.0,2668996.0,11706738.0,4.4399,1.0122
159,10005,Lowell Regional Transit Authority,338186.0,DO,Active,,,,,,
160,10005,Lowell Regional Transit Authority,338186.0,PT,Active,6620433.0,1370690.0,1324536.0,9830939.0,7.1723,0.9663
162,10006,Southeastern Regional Transit Authority,308614.0,PT,Active,8586355.0,2666570.0,2267445.0,14368729.0,5.3885,0.8503
165,10007,Berkshire Regional Transit Authority,127500.0,PT,Active,4477482.0,497498.0,667672.0,5297468.0,10.6482,1.3421
167,10008,Pioneer Valley Transit Authority,551543.0,PT,Active,39422834.0,10120344.0,6732600.0,39216072.0,3.875,0.6653
170,10013,Merrimack Valley Regional Transit Authority,306339.0,PT,Active,8095787.0,1952888.0,1141975.0,14782667.0,7.5696,0.5848
174,10014,Worcester Regional Transit Authority,479329.0,DO,Active,13078228.0,3013268.0,2847838.0,20250045.0,6.7203,0.9451
175,10014,Worcester Regional Transit Authority,479329.0,PT,Active,,,,,,
201,10053,Cape Ann Transportation Authority,54099.0,PT,Active,790537.0,206000.0,158172.0,1854698.0,9.0034,0.7678
210,10061,Montachusett Regional Transit Authority,228778.0,PT,Active,2230148.0,537385.0,728269.0,5792883.0,10.7798,1.3552
217,10064,Greater Attleboro-Taunton Regional Transit Authority,572140.0,PT,Active,3448477.0,716680.0,810251.0,7955679.0,11.1007,1.1306
232,10089,Transit Express,551543.0,PT,Inactive,,,,,,
247,10105,Cape Cod Regional Transit Authority,221049.0,PT,Active,8354004.0,610171.0,973479.0,6948350.0,11.3875,1.5954
255,10117,Plymouth & Brockton Street Railway Company,718439.0,DO,Inactive,,,,,,
257,10118,MetroWest Regional Transit Authority,324040.0,PT,Active,3048240.0,592164.0,676925.0,5441890.0,9.1898,1.1431
261,10126,Worcester Regional Transit Authority COA,169643.0,PT,Active,1163.0,387.0,545.0,18915.0,48.876,1.4083
270,10183,"Woods Hole, Martha's Vineyard and Nantucket Steamship Authority",241649.0,DO,Active,4372843.0,857547.0,0.0,6514505.0,7.5967,0.0
